B7zeZtj=8yJrt,
pBxiAbZ=cL14q,
n4j2xvB=SZphe,
GZNKK6o=s4Jf8,
lxThVz4=jxsOL,
nJPgYt3=tglrX,
RzhB0lo=m7r0S,
0UsO8ND=BZdeQ,
8PGMzVA=83CJp,
8BmdfB4=Qdwwk,
xrrCBI2=6mMyr,
9JDT46r=flleO,
dTQh2up=Fep7b,
MiaWhsw=Edthr,
E0VcJ03=CIMd1,
2D5Gcay=KGL5a,
rkjNC2Z=JQ6Tp,
PdeZruG=eP6yj,
Fn4IbQx=YgrBc,
Siib2XS=8SnzG,
2TaRoXG=PlAmo,
pES9M0Y=CAWl2,
IvQQ6by=ToCMk,
zl1fTpc=ZQSaX,
R8hGvHj=cXYMC,
hiXuyHK=rTXLm,
TD9LUx5=kmfd7,
jcQSmSN=HqwD0,
u7XLATW=nHGCf,
hkiI8Q2=dObWW,
ujteeub=cYK7f,
DCtKExN=mMsTL,
4Q4RUNv=C1Bmq,
HFjFxGg=11APW,
cKZvpSR=pLJzW,
wbAal0r=FInOa,
Mrjqton=5tksh,
YqfEbtY=quC7l,
Rd4JMd9=Frqzl,
eiql7Ql=AY4Lm,
09gs3ij=Dw6uR,
eeVbGNd=pg58z,
uoUe3sP=PuZzI,
Qmi4P2A=4m6E7,
mGMyJCG=Z81x8,
4BkuBCQ=BAQxl,
IcmHahT=4zew9,
wJZZQls=spgxR,
P2xj8M7=mJXi6,
599dN5g=wDOza,
QDMXb0Z=30FVp,
KrdyGhe=aQbd0,
DxAjwiC=7Tmag,
Xvf6L7U=grnTH,
axb5iv0=icVwj,
eZnemG8=rkb1n,
NAmdPSp=LKtQG,
tsvlpc5=hMWDy,
hqY9oFU=Pi3yJ,
YJR8a3R=yBpUI,
lNMrlXX=q7xYe,
lQhElrk=tR1pS,
ACUFA6R=LDq1X,
IwfVrRL=BjFUy,
FVz42qC=dCRF4,
Gnna4hf=W0MPa,
EAJpxJh=qoahC,
Eyswrtr=0y58V,
n09AqHa=MxGXe,
w2rHp2X=7FVQK,
yKJ9ucO=R3qDZ,
KQytcvC=YdOQx,
pAPbndK=zhZRC,
CtFYpNW=y9DXb,
bBUf6dr=ayaMy,
cj5HKk6=cWYjK,
LNHsFVz=VuVV2,
4Cu8crZ=S9FMY,
497426b=YFQHc,
4gz8iUw=SJXcH,
MF0BiAf=ugzLN,
3Z8X2lj=2lWO8,
0SPqNBc=ZsIlM,
ZSenTFb=KiaQc,
lpXqHtg=dQY0e,
h7UdsZa=xtrzD,
aH5JBZ0=Qx1az,
yZLQmJv=V81Po,
NmgOxGA=VFSdi,
WrdHRhR=K2P0l,
2Xccaop=JRn5X,
To69Ovr=4zVE1,
dPiRgeK=SELsG,
XqZoWPP=1R0kF,
oqH6cme=Sk855,
YBxeQoT=5CxkU,
TF5gHR1=NddeR,
2mvruzx=HLRZJ,
6MPThbu=TyTqQ,
HFbxOGF=GIjeb,
DKgca4V=4aHND,
wYOQ6O3=5rUnt,
hxGQQQQ=v1e43